"","DocId","name","Organization","Position","category","category_main"
"1","imh-11-0","丁崇吉","Harvard University","US","education: higher","education"
"2","imh-11-1","刁慶湘","University of Pennsylvania","US","education: higher","education"
"3","imh-11-10","王寵惠","Yale University","US","education: higher","education"
"4","imh-11-100","周倫元","Lehigh University","US","education: higher","education"
"5","imh-11-101","周典","University of Pennsylvania","US","education: higher","education"
"6","imh-11-102","周宗華","Brown University","US","education: higher","education"
"7","imh-11-102","周宗華","University of Chicago","US","education: higher","education"
"8","imh-11-102","周宗華","Yale University","US","education: higher","education"
"9","imh-11-103","周詒春","University of Wisconsin","US","education: higher","education"
"10","imh-11-104","周象賢","Massachusetts Institute of Technology","US","education: higher","education"
"11","imh-11-105","卓康成","Cornell University","US","education: higher","education"
"12","imh-11-105","卓康成","Stanford University","US","education: higher","education"
"13","imh-11-106","卓鏞詩","Stanford University","US","education: higher","education"
"14","imh-11-107","林鑑誠","Cornell University","US","education: higher","education"
"15","imh-11-107","林鑑誠","University of Virginia","US","education: higher","education"
"16","imh-11-107","林鑑誠","University of Virginia","US","education: higher","education"
"17","imh-11-108","林彪","University of Wisconsin","US","education: higher","education"
"18","imh-11-109","林立","Central Wesleyan College","US","education: higher","education"
"19","imh-11-109","林立","State University of Iowa","US","education: higher","education"
"20","imh-11-109","林立","Syracuse University","US","education: higher","education"
"21","imh-11-11","王寵佑","Columbia University","US","education: higher","education"
"22","imh-11-11","王寵佑","University of California","US","education: higher","education"
"23","imh-11-110","易鼎新","Lehigh University","US","education: higher","education"
"24","imh-11-110","易鼎新","Lehigh University","US","education: higher","education"
"25","imh-11-110","易鼎新","Union College","US","education: higher","education"
"26","imh-11-111","胡其炳","Charles City College","US","education: higher","education"
"27","imh-11-112","胡昌鶴","Central Wesleyan College","US","education: higher","education"
"28","imh-11-112","胡昌鶴","De Pauw University","US","education: higher","education"
"29","imh-11-112","胡昌鶴","De Pauw University","US","education: higher","education"
"30","imh-11-112","胡昌鶴","New York University","US","education: higher","education"
"31","imh-11-112","胡昌鶴","New York University","US","education: higher","education"
"32","imh-11-113","胡先驌","University of California","US","education: higher","education"
"33","imh-11-114","胡鴻猷","University of Pennsylvania","US","education: higher","education"
"34","imh-11-115","胡憲生","Cornell University","US","education: higher","education"
"35","imh-11-116","胡棟朝","Cornell University","US","education: higher","education"
"36","imh-11-116","胡棟朝","University of California","US","education: higher","education"
"37","imh-11-117","胡克","Barnes University","US","education: higher","education"
"38","imh-11-117","胡克","South Western University","US","education: higher","education"
"39","imh-11-117","胡克","Vanderbilt University","US","education: higher","education"
"40","imh-11-118","胡詒穀","University of California","US","education: higher","education"
"41","imh-11-118","胡詒穀","University of Chicago","US","education: higher","education"
"42","imh-11-118","胡詒穀","University of Illinois","US","education: higher","education"
"43","imh-11-119","胡章","Boone School","US","education: secondary","education"
"44","imh-11-119","胡章","University of California","US","education: higher","education"
"45","imh-11-119","胡章","University of Iowa","US","education: higher","education"
"46","imh-11-119","胡章","University of Wisconsin","US","education: higher","education"
"47","imh-11-12","王恩澤","Harvard University","US","education: higher","education"
"48","imh-11-12","王恩澤","University of Chicago","US","education: higher","education"
"49","imh-11-120","胡潤德","American Medical College","US","education: higher","education"
"50","imh-11-120","胡潤德","Barnes University","US","education: higher","education"
"51","imh-11-121","胡繼賢","Columbia University","US","education: higher","education"
"52","imh-11-121","胡繼賢","University of Michigan","US","education: higher","education"
"53","imh-11-122","計大雄","Cornell University","US","education: higher","education"
"54","imh-11-123","郞國楨","University of Wisconsin","US","education: higher","education"
"55","imh-11-124","施振元","Cook Academy","US","education: higher","education"
"56","imh-11-124","施振元","Cornell University","US","education: higher","education"
"57","imh-11-125","施調元","Philadelphia Textile School","US","education: vocational","education"
"58","imh-11-125","施調元","University of Pennsylvania","US","education: higher","education"
"59","imh-11-126","施聯元","Ithaca High School","US","education: secondary","education"
"60","imh-11-126","施聯元","Philadelphia Textile School","US","education: vocational","education"
"61","imh-11-127","施肇基","Cornell University","US","education: higher","education"
"62","imh-11-127","施肇基","Washington High School","US","education: secondary","education"
"63","imh-11-128","施肇祥","Central High School","US","education: secondary","education"
"64","imh-11-128","施肇祥","Cornell University","US","education: higher","education"
"65","imh-11-129","施贊元","Central High School","US","education: secondary","education"
"66","imh-11-129","施贊元","George Washington University","US","education: higher","education"
"67","imh-11-129","施贊元","George Washington University","US","education: higher","education"
"68","imh-11-129","施贊元","George Washington University Hospital","US","education: higher","education"
"69","imh-11-13","王鑑和","Cornell University","US","education: higher","education"
"70","imh-11-130","施厚元","Cook Academy","US","education: higher","education"
"71","imh-11-130","施厚元","Mercersberg Academy","US","education: higher","education"
"72","imh-11-130","施厚元","University of Pennsylvania","US","education: higher","education"
"73","imh-11-131","姚觀順","Grass Valley High School","US","education: secondary","education"
"74","imh-11-131","姚觀順","Medhurst College","US","education: higher","education"
"75","imh-11-131","姚觀順","Norwich University","US","education: higher","education"
"76","imh-11-131","姚觀順","University of California","US","education: higher","education"
"77","imh-11-132","姚鍾琳","University of Pennsylvania","US","education: higher","education"
"78","imh-11-133","兪慶恩","University of Pennsylvania","US","education: higher","education"
"79","imh-11-134","柴春霖","University of Wisconsin","US","education: higher","education"
"80","imh-11-135","秦汾","Harvard University","US","education: higher","education"
"81","imh-11-136","徐良","Capital University","US","education: higher","education"
"82","imh-11-136","徐良","Columbia University","US","education: higher","education"
"83","imh-11-137","徐墀","Columbia University","US","education: higher","education"
"84","imh-11-137","徐墀","University of Illinois","US","education: higher","education"
"85","imh-11-137","徐墀","University of Pennsylvania","US","education: higher","education"
"86","imh-11-138","徐維震","University of California","US","education: higher","education"
"87","imh-11-138","徐維震","University of Chicago","US","education: higher","education"
"88","imh-11-138","徐維震","University of Indiana","US","education: higher","education"
"89","imh-11-139","徐經郛","University of Pennsylvania","US","education: higher","education"
"90","imh-11-14","王麟閣","University of North Carolina","US","education: higher","education"
"91","imh-11-140","徐廷爵","Eastman College","US","education: higher","education"
"92","imh-11-140","徐廷爵","New Bedford Textile College","US","education: higher","education"
"93","imh-11-140","徐廷爵","Oakland Polytechnic College","US","education: higher","education"
"94","imh-11-141","徐景文","Philadelphia Dental College","US","education: higher","education"
"95","imh-11-142","徐崇欽","Yale University","US","education: higher","education"
"96","imh-11-143","徐志薌","Harvard University","US","education: higher","education"
"97","imh-11-143","徐志薌","Harvard University","US","education: higher","education"
"98","imh-11-143","徐志薌","Massachusetts Institute of Technology","US","education: higher","education"
"99","imh-11-143","徐志薌","University of Illinois","US","education: higher","education"
"100","imh-11-143","徐志薌","University of Illinois","US","education: higher","education"
"101","imh-11-144","徐可陞","Oberlin College","US","education: higher","education"
"102","imh-11-145","徐志誠","Harvard University","US","education: higher","education"
"103","imh-11-145","徐志誠","University of Chicago","US","education: higher","education"
"104","imh-11-145","徐志誠","University of Wisconsin","US","education: higher","education"
"105","imh-11-146","徐善祥","Sheffield Scientific School","US","education: secondary","education"
"106","imh-11-146","徐善祥","University of Michigan","US","education: higher","education"
"107","imh-11-146","徐善祥","Yale University","US","education: higher","education"
"108","imh-11-147","徐書","Massachusetts Institute of Technology","US","education: higher","education"
"109","imh-11-147","徐書","Purdue University","US","education: higher","education"
"110","imh-11-148","祝毓瑛","University of Pennsylvania","US","education: higher","education"
"111","imh-11-148","祝毓瑛","Yale University","US","education: higher","education"
"112","imh-11-149","郝伯陽","Y.M.C.A. College","US","education: higher","education"
"113","imh-11-15","王弼","Cornell University","US","education: higher","education"
"114","imh-11-15","王弼","University of California","US","education: higher","education"
"115","imh-11-150","侯景飛","Cornell University","US","education: higher","education"
"116","imh-11-151","席德柄","Massachusetts Institute of Technology","US","education: higher","education"
"117","imh-11-151","席德柄","Trinity College","US","education: higher","education"
"118","imh-11-152","夏元瑮","Yale University","US","education: higher","education"
"119","imh-11-153","高崙瑾","University of Michigan","US","education: higher","education"
"120","imh-11-153","高崙瑾","University of Pennsylvania","US","education: higher","education"
"121","imh-11-154","桂鑄西","Harvard University","US","education: higher","education"
"122","imh-11-155","梁鑾","Pacific College","US","education: higher","education"
"123","imh-11-156","梁廷美","San Francisco Dental College","US","education: higher","education"
"124","imh-11-157","梁啟勳","Columbia University","US","education: higher","education"
"125","imh-11-157","梁啟勳","Morgan Park Academy","US","education: higher","education"
"126","imh-11-157","梁啟勳","Northwestern University","US","education: higher","education"
"127","imh-11-158","梁福初","Amherst Agricultural College","US","education: higher","education"
"128","imh-11-158","梁福初","Syracuse University","US","education: higher","education"
"129","imh-11-158","梁福初","Williston Seminary","US","education: higher","education"
"130","imh-11-159","梁賚奎","Cornell University","US","education: higher","education"
"131","imh-11-159","梁賚奎","Massachusetts Agricultural College","US","education: higher","education"
"132","imh-11-16","王紹瀛","Colorado School of Mines","US","education: higher","education"
"133","imh-11-160","梁文興","Columbia University","US","education: higher","education"
"134","imh-11-160","梁文興","Healdsburg College","US","education: higher","education"
"135","imh-11-160","梁文興","Valparaiso University","US","education: higher","education"
"136","imh-11-161","梁敦彥","Hartford Grammar School","US","education: secondary","education"
"137","imh-11-161","梁敦彥","Hartford High School","US","education: secondary","education"
"138","imh-11-161","梁敦彥","Yale University","US","education: higher","education"
"139","imh-11-162","梁如浩","Steven's Institute of Technology","US","education: higher","education"
"140","imh-11-163","凌道揚","Massachusetts Agricultural College","US","education: higher","education"
"141","imh-11-163","凌道揚","Yale University","US","education: higher","education"
"142","imh-11-164","倪錫純","Syracuse University","US","education: higher","education"
"143","imh-11-164","倪錫純","University of Pennsylvania","US","education: higher","education"
"144","imh-11-164","倪錫純","Yale University","US","education: higher","education"
"145","imh-11-165","倪兆春","Columbia University","US","education: higher","education"
"146","imh-11-165","倪兆春","Columbia University","US","education: higher","education"
"147","imh-11-165","倪兆春","Columbia University","US","education: higher","education"
"148","imh-11-165","倪兆春","Columbia University","US","education: higher","education"
"149","imh-11-165","倪兆春","Columbia University","US","education: higher","education"
"150","imh-11-165","倪兆春","Middlebury College","US","education: higher","education"
"151","imh-11-166","馬國驥","Columbia University","US","education: higher","education"
"152","imh-11-166","馬國驥","Harvard University","US","education: higher","education"
"153","imh-11-167","馬名海","Columbia University","US","education: higher","education"
"154","imh-11-167","馬名海","Stuyvessant High School","US","education: secondary","education"
"155","imh-11-167","馬名海","University of Wisconsin","US","education: higher","education"
"156","imh-11-167","馬名海","Wisconsin Academy","US","education: higher","education"
"157","imh-11-168","孫啟濓","Cook Academy","US","education: higher","education"
"158","imh-11-168","孫啟濓","Syracuse University","US","education: higher","education"
"159","imh-11-169","孫繼丁","Massachusetts Institute of Technology","US","education: higher","education"
"160","imh-11-169","孫繼丁","Purdue University","US","education: higher","education"
"161","imh-11-17","王承祖","Cornell University","US","education: higher","education"
"162","imh-11-17","王承祖","University of California","US","education: higher","education"
"163","imh-11-170","孫顯惠","Columbia University","US","education: higher","education"
"164","imh-11-171","孫恒","Harvard University","US","education: higher","education"
"165","imh-11-171","孫恒","Yale University","US","education: higher","education"
"166","imh-11-172","孫嘉祿","Cook Academy","US","education: higher","education"
"167","imh-11-172","孫嘉祿","Cornell University","US","education: higher","education"
"168","imh-11-173","孫寳鑑","University of Wisconsin","US","education: higher","education"
"169","imh-11-174","孫多鈺","Cornell University","US","education: higher","education"
"170","imh-11-175","孫元方","Brown University","US","education: higher","education"
"171","imh-11-175","孫元方","Massachusetts Institute of Technology","US","education: higher","education"
"172","imh-11-175","孫元方","Wesleyan Academy","US","education: higher","education"
"173","imh-11-176","孫鳳珠","Athens College","US","education: higher","education"
"174","imh-11-176","孫鳳珠","Athens College","US","education: higher","education"
"175","imh-11-176","孫鳳珠","George Peabody College","US","education: higher","education"
"176","imh-11-177","唐恩良","Colorado School of Mines","US","education: higher","education"
"177","imh-11-177","唐恩良","Purdue University","US","education: higher","education"
"178","imh-11-178","唐寳桐","Massachusetts Institute of Technology","US","education: higher","education"
"179","imh-11-178","唐寳桐","Springfield Technical High School","US","education: vocational","education"
"180","imh-11-179","唐紹儀","Columbia University","US","education: higher","education"
"181","imh-11-18","王松海","University of Michigan","US","education: higher","education"
"182","imh-11-180","唐瑞華","Cornell University","US","education: higher","education"
"183","imh-11-181","唐有恒","Cornell University","US","education: higher","education"
"184","imh-11-182","唐悅良","Princeton University","US","education: higher","education"
"185","imh-11-182","唐悅良","Yale University","US","education: higher","education"
"186","imh-11-182","唐悅良","Yale University","US","education: higher","education"
"187","imh-11-183","唐元湛","Harvard Medical School","US","education: secondary","education"
"188","imh-11-183","唐元湛","Harvard Medical School","US","education: secondary","education"
"189","imh-11-184","唐榮禧","Harvard University","US","education: higher","education"
"190","imh-11-184","唐榮禧","Springfield Technical High School","US","education: vocational","education"
"191","imh-11-184","唐榮禧","University of North Carolina","US","education: higher","education"
"192","imh-11-185","唐榮祚","University of Illinois","US","education: higher","education"
"193","imh-11-185","唐榮祚","University of Pittsburg","US","education: higher","education"
"194","imh-11-186","韋昭章","Cornell University","US","education: higher","education"
"195","imh-11-186","韋昭章","Swarthmore Preparatory School","US","education: preparatory","education"
"196","imh-11-187","韋以黻","Cornell University","US","education: higher","education"
"197","imh-11-188","殷源之","Massachusetts Institute of Technology","US","education: higher","education"
"198","imh-11-189","原頌周","Iowa State College","US","education: higher","education"
"199","imh-11-189","原頌周","Simpson College","US","education: higher","education"
"200","imh-11-19","王健","Columbia University","US","education: higher","education"
"201","imh-11-19","王健","Cushing Academy","US","education: higher","education"
"202","imh-11-19","王健","University of Wisconsin","US","education: higher","education"
"203","imh-11-19","王健","Worcester Polytechnic Institute","US","education: higher","education"
"204","imh-11-190","袁鍾銓","Colgate University","US","education: higher","education"
"205","imh-11-190","袁鍾銓","Massachusetts Institute of Technology","US","education: higher","education"
"206","imh-11-190","袁鍾銓","Wesleyan Academy","US","education: higher","education"
"207","imh-11-191","陳秋安","University of Michigan","US","education: higher","education"
"208","imh-11-192","陳仲箎","University of California","US","education: higher","education"
"209","imh-11-193","陳錦濤","University of California","US","education: higher","education"
"210","imh-11-193","陳錦濤","Yale University","US","education: higher","education"
"211","imh-11-194","陳煥章","Columbia University","US","education: higher","education"
"212","imh-11-195","陳汝湘","Brown University","US","education: higher","education"
"213","imh-11-195","陳汝湘","Columbia University","US","education: higher","education"
"214","imh-11-195","陳汝湘","State University of Iowa","US","education: higher","education"
"215","imh-11-195","陳汝湘","Yale University","US","education: higher","education"
"216","imh-11-196","陳慶堯","Columbia University","US","education: higher","education"
"217","imh-11-196","陳慶堯","Massachusetts Institute of Technology","US","education: higher","education"
"218","imh-11-196","陳慶堯","University of Illinois","US","education: higher","education"
"219","imh-11-197","陳德輝","Ohio Wesleyan University","US","education: higher","education"
"220","imh-11-197","陳德輝","University of Iowa","US","education: higher","education"
"221","imh-11-197","陳德輝","University of Pennsylvania","US","education: higher","education"
"222","imh-11-197","陳德輝","University of Pennsylvania","US","education: higher","education"
"223","imh-11-198","陳伯浩","University of Michigan","US","education: higher","education"
"224","imh-11-199","陳兆焜","Columbia University","US","education: higher","education"
"225","imh-11-199","陳兆焜","Columbia University","US","education: higher","education"
"226","imh-11-199","陳兆焜","Cornell University","US","education: higher","education"
"227","imh-11-2","卞福孫","Brown University","US","education: higher","education"
"228","imh-11-20","王百雷","University of California","US","education: higher","education"
"229","imh-11-20","王百雷","University of Michigan","US","education: higher","education"
"230","imh-11-200","陳世第","Harvard University","US","education: higher","education"
"231","imh-11-200","陳世第","University of California","US","education: higher","education"
"232","imh-11-201","陳廷均","Princeton University","US","education: higher","education"
"233","imh-11-201","陳廷均","University of Wisconsin","US","education: higher","education"
"234","imh-11-202","陳道原","Cornell University","US","education: higher","education"
"235","imh-11-202","陳道原","Glasgow University","US","education: higher","education"
"236","imh-11-203","陳在新","Columbia University","US","education: higher","education"
"237","imh-11-204","陳維屛","Boston University","US","education: higher","education"
"238","imh-11-204","陳維屛","Ohio Wesleyan University","US","education: higher","education"
"239","imh-11-204","陳維屛","University of Michigan","US","education: higher","education"
"240","imh-11-205","陳天驥","Columbia University","US","education: higher","education"
"241","imh-11-205","陳天驥","Lehigh University","US","education: higher","education"
"242","imh-11-205","陳天驥","University of Michigan","US","education: higher","education"
"243","imh-11-206","陳英梅","Forest Park University","US","education: higher","education"
"244","imh-11-206","陳英梅","Wellesley College","US","education: higher","education"
"245","imh-11-207","陳洋讚","Columbia University","US","education: higher","education"
"246","imh-11-207","陳洋讚","New York City College","US","education: higher","education"
"247","imh-11-207","陳洋讚","St. Louis College","US","education: higher","education"
"248","imh-11-207","陳洋讚","University of Pittsburgh","US","education: higher","education"
"249","imh-11-208","陳敏望","Oberlin College","US","education: higher","education"
"250","imh-11-209","陳宗良","Columbia Class Graduation Committee","US","education: higher","education"
"251","imh-11-209","陳宗良","Columbia University","US","education: higher","education"
"252","imh-11-209","陳宗良","Columbia University","US","education: higher","education"
"253","imh-11-209","陳宗良","Columbia University","US","education: higher","education"
"254","imh-11-209","陳宗良","Columbia University","US","education: higher","education"
"255","imh-11-21","王觀英","Colorado College","US","education: higher","education"
"256","imh-11-21","王觀英","Colorado School of Mines","US","education: higher","education"
"257","imh-11-21","王觀英","Columbia University","US","education: higher","education"
"258","imh-11-210","陳茂康","Cornell University","US","education: higher","education"
"259","imh-11-210","陳茂康","Union College","US","education: higher","education"
"260","imh-11-210","陳茂康","Union College","US","education: higher","education"
"261","imh-11-211","陳同壽","University of California","US","education: higher","education"
"262","imh-11-211","陳同壽","University of Illinois","US","education: higher","education"
"263","imh-11-211","陳同壽","University of Wisconsin","US","education: higher","education"
"264","imh-11-212","陳明壽","Columbia University","US","education: higher","education"
"265","imh-11-212","陳明壽","Massachusetts Institute of Technology","US","education: higher","education"
"266","imh-11-213","陳辛恒","University of Chicago","US","education: higher","education"
"267","imh-11-213","陳辛恒","Vanderbilt University","US","education: higher","education"
"268","imh-11-213","陳辛恒","Vanderbilt University","US","education: higher","education"
"269","imh-11-214","張承哲","University of Chicago","US","education: higher","education"
"270","imh-11-214","張承哲","University of Pennsylvania","US","education: higher","education"
"271","imh-11-215","張福良","Yale University","US","education: higher","education"
"272","imh-11-216","張福良(夫人)","Hunter College","US","education: higher","education"
"273","imh-11-217","張景芬","Colorado School of Mines","US","education: higher","education"
"274","imh-11-217","張景芬","Lehigh University","US","education: higher","education"
"275","imh-11-218","張德熙","University of Wisconsin","US","education: higher","education"
"276","imh-11-219","張履鼇","University of Virginia","US","education: higher","education"
"277","imh-11-219","張履鼇","Yale University","US","education: higher","education"
"278","imh-11-22","尤志邁","Cornell University","US","education: higher","education"
"279","imh-11-220","張履鼇(夫人)","Randolph Macon Woman's College","US","education: higher","education"
"280","imh-11-221","張寳華","University of California","US","education: higher","education"
"281","imh-11-221","張寳華","University of Michigan","US","education: higher","education"
"282","imh-11-222","張彭春","Clark University","US","education: higher","education"
"283","imh-11-222","張彭春","Columbia University","US","education: higher","education"
"284","imh-11-223","張善揚","Cornell University","US","education: higher","education"
"285","imh-11-224","張大椿","Yale University","US","education: higher","education"
"286","imh-11-225","張廷金","Harvard University","US","education: higher","education"
"287","imh-11-225","張廷金","State University of Ohio","US","education: higher","education"
"288","imh-11-225","張廷金","University of Wisconsin","US","education: higher","education"
"289","imh-11-226","張凖","Cushing Academy","US","education: higher","education"
"290","imh-11-226","張凖","Massachusetts Institute of Technology","US","education: higher","education"
"291","imh-11-226","張凖","Massachusetts Institute of Technology","US","education: higher","education"
"292","imh-11-227","張煜全","University of California","US","education: higher","education"
"293","imh-11-227","張煜全","Yale University","US","education: higher","education"
"294","imh-11-228","章祖純","University of California","US","education: higher","education"
"295","imh-11-229","章宗元","Pomona College","US","education: higher","education"
"296","imh-11-229","章宗元","University of California","US","education: higher","education"
"297","imh-11-23","侄道生","Johns Hopkins University","US","education: higher","education"
"298","imh-11-23","侄道生","University of Michigan","US","education: higher","education"
"299","imh-11-230","章元善","Cornell University","US","education: higher","education"
"300","imh-11-231","莊俊","University of Illinois","US","education: higher","education"
"301","imh-11-231","莊俊","University of Illinois","US","education: higher","education"
"302","imh-11-232","符宗朝","University of Michigan","US","education: higher","education"
"303","imh-11-233","郭文芳","Bissell College","US","education: higher","education"
"304","imh-11-233","郭文芳","Peirce College","US","education: higher","education"
"305","imh-11-234","郭秉文","Columbia University","US","education: higher","education"
"306","imh-11-234","郭秉文","Columbia University","US","education: higher","education"
"307","imh-11-234","郭秉文","Columbia University","US","education: higher","education"
"308","imh-11-234","郭秉文","University of Wooster","US","education: higher","education"
"309","imh-11-234","郭秉文","Wooster Academy","US","education: higher","education"
"310","imh-11-234","郭秉文","Y.M.C.A. College","US","education: higher","education"
"311","imh-11-234","郭秉文","Y.M.C.A. College Literary Society","US","education: higher","education"
"312","imh-11-235","郭登瀚","Harvard University","US","education: higher","education"
"313","imh-11-236","郭健霄","University of Indiana","US","education: higher","education"
"314","imh-11-236","郭健霄","University of Wisconsin","US","education: higher","education"
"315","imh-11-237","郭守純","Cornell University","US","education: higher","education"
"316","imh-11-237","郭守純","University of Pennsylvania","US","education: higher","education"
"317","imh-11-237","郭守純","University of Wisconsin","US","education: higher","education"
"318","imh-11-237","郭守純","University of Wisconsin","US","education: higher","education"
"319","imh-11-238","郭泰祺","Easthampton High School","US","education: secondary","education"
"320","imh-11-238","郭泰祺","University of Pennsylvania","US","education: higher","education"
"321","imh-11-238","郭泰祺","Williston Seminary","US","education: higher","education"
"322","imh-11-239","黃添福","Ann Arbor High School","US","education: secondary","education"
"323","imh-11-239","黃添福","Detroit University","US","education: higher","education"
"324","imh-11-239","黃添福","Grand Rapids Central High School","US","education: secondary","education"
"325","imh-11-239","黃添福","University of Michigan","US","education: higher","education"
"326","imh-11-24","史鳳寶","New York Private School","US","education: secondary","education"
"327","imh-11-24","史鳳寶","Northfield Seminary","US","education: higher","education"
"328","imh-11-240","黃靄如","University of Michigan","US","education: higher","education"
"329","imh-11-241","黃振華","Columbia University","US","education: higher","education"
"330","imh-11-242","黃金濤","Columbia University","US","education: higher","education"
"331","imh-11-243","黃錫賡","Lehigh University","US","education: higher","education"
"332","imh-11-244","黃日昇","Cornell University","US","education: higher","education"
"333","imh-11-245","黃榮良","Baker University","US","education: higher","education"
"334","imh-11-245","黃榮良","Baker University","US","education: higher","education"
"335","imh-11-245","黃榮良","Columbia University","US","education: higher","education"
"336","imh-11-246","黃榮良(夫人)","Baker University","US","education: higher","education"
"337","imh-11-247","黃寶楠","Columbia University","US","education: higher","education"
"338","imh-11-247","黃寶楠","Michigan Mining College","US","education: higher","education"
"339","imh-11-248","黃仲良","Lehigh University","US","education: higher","education"
"340","imh-11-249","黃憲昭","Columbia University","US","education: higher","education"
"341","imh-11-249","黃憲昭","University of Missouri","US","education: higher","education"
"342","imh-11-249","黃憲昭","Yale-Columbia School for Foreign Service","US","education: higher","education"
"343","imh-11-25","史鳳珠","Eliza Yates School","US","education: secondary","education"
"344","imh-11-250","黃文駿","Highland Military Academy","US","education: military","education"
"345","imh-11-250","黃文駿","Highland Military Academy","US","education: military","education"
"346","imh-11-250","黃文駿","Morton High School","US","education: secondary","education"
"347","imh-11-251","黃啟明","Columbia University","US","education: higher","education"
"348","imh-11-252","黃敬業","Tufts College","US","education: higher","education"
"349","imh-11-253","黃國聰","University of Iowa","US","education: higher","education"
"350","imh-11-254","黃國恩","Cornell University","US","education: higher","education"
"351","imh-11-254","黃國恩","University of Wisconsin","US","education: higher","education"
"352","imh-11-255","黃鼎","University of Virginia","US","education: higher","education"
"353","imh-11-256","黃文龍","Phillips Academy","US","education: higher","education"
"354","imh-11-256","黃文龍","Purdue University","US","education: higher","education"
"355","imh-11-257","黃閎道","University of Pennsylvania","US","education: higher","education"
"356","imh-11-257","黃閎道","Yale University","US","education: higher","education"
"357","imh-11-258","黃榮輝","Cornell University","US","education: higher","education"
"358","imh-11-258","黃榮輝","Harvard Medical School","US","education: secondary","education"
"359","imh-11-258","黃榮輝","University of Illinois","US","education: higher","education"
"360","imh-11-259","黃燿昌","Hartford High School","US","education: secondary","education"
"361","imh-11-259","黃燿昌","Hooker Grammar School","US","education: secondary","education"
"362","imh-11-259","黃燿昌","Springfield High School","US","education: secondary","education"
"363","imh-11-26","成功一","University of Michigan","US","education: higher","education"
"364","imh-11-26","成功一","University of Michigan","US","education: higher","education"
"365","imh-11-260","許宗漢","University of Illinois","US","education: higher","education"
"366","imh-11-261","許翥世","University of Illinois","US","education: higher","education"
"367","imh-11-261","許翥世","University of Pennsylvania","US","education: higher","education"
"368","imh-11-261","許翥世","University of Vermont","US","education: higher","education"
"369","imh-11-262","許肇南","Harvard University","US","education: higher","education"
"370","imh-11-262","許肇南","University of Illinois","US","education: higher","education"
"371","imh-11-262","許肇南","University of Wisconsin","US","education: higher","education"
"372","imh-11-263","陸守經","University of Wisconsin","US","education: higher","education"
"373","imh-11-264","陸元昌","Cornell University","US","education: higher","education"
"374","imh-11-265","陸鴻棠","University of Michigan","US","education: higher","education"
"375","imh-11-266","陸懋德","Ohio University","US","education: higher","education"
"376","imh-11-266","陸懋德","University of Wisconsin","US","education: higher","education"
"377","imh-11-267","婁裕燾","Yale University","US","education: higher","education"
"378","imh-11-268","梅華銓","Columbia University","US","education: higher","education"
"379","imh-11-268","梅華銓","Columbia University","US","education: higher","education"
"380","imh-11-268","梅華銓","New York City College","US","education: higher","education"
"381","imh-11-268","梅華銓","New York University","US","education: higher","education"
"382","imh-11-269","梅華銓(夫人)","Columbia University","US","education: higher","education"
"383","imh-11-269","梅華銓(夫人)","University of California","US","education: higher","education"
"384","imh-11-27","朱兆莘","Columbia University","US","education: higher","education"
"385","imh-11-27","朱兆莘","New York University","US","education: higher","education"
"386","imh-11-270","梅貽琦","Worcester Polytechnic Institute","US","education: higher","education"
"387","imh-11-270","梅貽琦","Worcester Polytechnic Institute Y.M.C.A","US","education: higher","education"
"388","imh-11-271","陶德琨","Denison University","US","education: higher","education"
"389","imh-11-271","陶德琨","Ohio State University","US","education: higher","education"
"390","imh-11-271","陶德琨","Wyoming Seminary","US","education: higher","education"
"391","imh-11-272","曹芳芸","Columbia University","US","education: higher","education"
"392","imh-11-272","曹芳芸","Cottey College","US","education: higher","education"
"393","imh-11-272","曹芳芸","Wellesley College","US","education: higher","education"
"394","imh-11-273","曹嘉祥","Hartford High School","US","education: secondary","education"
"395","imh-11-274","曹麗雲","Forest Park University","US","education: higher","education"
"396","imh-11-274","曹麗雲","Philadelphia Woman's Medical College","US","education: higher","education"
"397","imh-11-275","曹冕","University of Washington","US","education: higher","education"
"398","imh-11-276","曹雲祥","Yale University","US","education: higher","education"
"399","imh-11-277","屠慰曾","University of California","US","education: higher","education"
"400","imh-11-277","屠慰曾","University of Illinois","US","education: higher","education"
"401","imh-11-278","程義法","Colorado School of Mines","US","education: higher","education"
"402","imh-11-279","程義藻","Cornell University","US","education: higher","education"
"403","imh-11-28","朱復","Lehigh University","US","education: higher","education"
"404","imh-11-28","朱復","Williston Seminary","US","education: higher","education"
"405","imh-11-280","程其達","Ohio Northern University","US","education: higher","education"
"406","imh-11-280","程其達","Stanford University","US","education: higher","education"
"407","imh-11-281","程康恩","University of California","US","education: higher","education"
"408","imh-11-282","程子輝","Morgan Park Academy","US","education: higher","education"
"409","imh-11-282","程子輝","University of Chicago","US","education: higher","education"
"410","imh-11-283","程萬里","Columbia Graduate School","US","education: higher","education"
"411","imh-11-283","程萬里","Columbia University","US","education: higher","education"
"412","imh-11-283","程萬里","Princeton University","US","education: higher","education"
"413","imh-11-284","程延慶","Columbia University","US","education: higher","education"
"414","imh-11-284","程延慶","Cornell University","US","education: higher","education"
"415","imh-11-285","費起鶴","Oberlin Academy","US","education: higher","education"
"416","imh-11-285","費起鶴","Oberlin College","US","education: higher","education"
"417","imh-11-285","費起鶴","Yale University","US","education: higher","education"
"418","imh-11-286","費興仁","Oberlin University","US","education: higher","education"
"419","imh-11-286","費興仁","Yale University","US","education: higher","education"
"420","imh-11-287","費興仁(夫人)","National Kindergarten College","US","education: higher","education"
"421","imh-11-287","費興仁(夫人)","Oberlin College","US","education: higher","education"
"422","imh-11-288","傅驌","Colorado School of Mines","US","education: higher","education"
"423","imh-11-289","馮慶桂","Cornell University","US","education: higher","education"
"424","imh-11-29","朱進","Columbia University","US","education: higher","education"
"425","imh-11-29","朱進","University of Wisconsin","US","education: higher","education"
"426","imh-11-290","賀楙慶","Harvard University","US","education: higher","education"
"427","imh-11-290","賀楙慶","Massachusetts Institute of Technology","US","education: higher","education"
"428","imh-11-291","嵇芩孫","Stanford University","US","education: higher","education"
"429","imh-11-291","嵇芩孫","University of California","US","education: higher","education"
"430","imh-11-292","舒厚仁","Stuart Hall","US","education: higher","education"
"431","imh-11-293","湯尙松","Baldwin Wallace College","US","education: higher","education"
"432","imh-11-293","湯尙松","Case School of Applied Science","US","education: higher","education"
"433","imh-11-294","湯松","Oberlin College","US","education: higher","education"
"434","imh-11-294","湯松","University of Michigan","US","education: higher","education"
"435","imh-11-295","曾廣勷","University of Pennsylvania","US","education: higher","education"
"436","imh-11-296","溫應星","U.S. Military Academy","US","education: military","education"
"437","imh-11-296","溫應星","Virginia Military Institute","US","education: military","education"
"438","imh-11-297","裘昌運","Columbia University","US","education: higher","education"
"439","imh-11-297","裘昌運","Purdue University","US","education: higher","education"
"440","imh-11-297","裘昌運","University of Wisconsin","US","education: higher","education"
"441","imh-11-297","裘昌運","Williston Seminary","US","education: higher","education"
"442","imh-11-298","詹天佑","Yale University","US","education: higher","education"
"443","imh-11-299","過探先","Cornell University","US","education: higher","education"
"444","imh-11-299","過探先","University of Chicago","US","education: higher","education"
"445","imh-11-299","過探先","University of Wisconsin","US","education: higher","education"
"446","imh-11-3","卞壽孫","Brown University","US","education: higher","education"
"447","imh-11-30","朱福儀","University of Wisconsin","US","education: higher","education"
"448","imh-11-300","雷以綸","Lehigh University","US","education: higher","education"
"449","imh-11-300","雷以綸","Lehigh University","US","education: higher","education"
"450","imh-11-300","雷以綸","Tilton Seminary","US","education: higher","education"
"451","imh-11-300","雷以綸","Wesleyan Academy","US","education: higher","education"
"452","imh-11-301","路敏行","Columbia University","US","education: higher","education"
"453","imh-11-301","路敏行","Lehigh University","US","education: higher","education"
"454","imh-11-301","路敏行","University of Wisconsin","US","education: higher","education"
"455","imh-11-302","虞振鏞","Cornell College Football Team","US","education: higher","education"
"456","imh-11-302","虞振鏞","Cornell University","US","education: higher","education"
"457","imh-11-302","虞振鏞","University of Illinois","US","education: higher","education"
"458","imh-11-303","虞順德","New York Medical College","US","education: higher","education"
"459","imh-11-303","虞順德","Western Reserve University","US","education: higher","education"
"460","imh-11-304","董顯光","Columbia University","US","education: higher","education"
"461","imh-11-304","董顯光","Park College","US","education: higher","education"
"462","imh-11-304","董顯光","University of Missouri","US","education: higher","education"
"463","imh-11-305","鄒應藼","Cornell University","US","education: higher","education"
"464","imh-11-305","鄒應藼","University of Chicago","US","education: higher","education"
"465","imh-11-305","鄒應藼","University of Illinois","US","education: higher","education"
"466","imh-11-306","楊卓","Columbia University","US","education: higher","education"
"467","imh-11-306","楊卓","Lehigh University","US","education: higher","education"
"468","imh-11-307","楊奎侯","Columbia University","US","education: higher","education"
"469","imh-11-307","楊奎侯","New York University","US","education: higher","education"
"470","imh-11-308","楊恩湛","Colgate University","US","education: higher","education"
"471","imh-11-308","楊恩湛","Ithaca High School","US","education: secondary","education"
"472","imh-11-308","楊恩湛","University of Pennsylvania","US","education: higher","education"
"473","imh-11-309","楊豹靈","Cornell University","US","education: higher","education"
"474","imh-11-309","楊豹靈","Purdue University","US","education: higher","education"
"475","imh-11-31","朱公釗","Harvard University","US","education: higher","education"
"476","imh-11-31","朱公釗","University of Wisconsin","US","education: higher","education"
"477","imh-11-310","楊豹靈(夫人)","La George College","US","education: higher","education"
"478","imh-11-311","楊孝述","Cornell University","US","education: higher","education"
"479","imh-11-312","楊維楨","Colorado School of Mines","US","education: higher","education"
"480","imh-11-313","楊蔭杭","University of Pennsylvania","US","education: higher","education"
"481","imh-11-314","楊蔭樾","University of Pennsylvania","US","education: higher","education"
"482","imh-11-314","楊蔭樾","University of Wisconsin","US","education: higher","education"
"483","imh-11-315","楊廷珖","Detroit University","US","education: higher","education"
"484","imh-11-316","楊華燕","Columbia University","US","education: higher","education"
"485","imh-11-316","楊華燕","Lehigh University","US","education: higher","education"
"486","imh-11-316","楊華燕","Yale University","US","education: higher","education"
"487","imh-11-317","楊文濓","Albany Business College","US","education: higher","education"
"488","imh-11-317","楊文濓","Cook Academy","US","education: higher","education"
"489","imh-11-317","楊文濓","Elmira Academy","US","education: higher","education"
"490","imh-11-317","楊文濓","Union College","US","education: higher","education"
"491","imh-11-318","趙國材","Cornell University","US","education: higher","education"
"492","imh-11-318","趙國材","University of Wisconsin","US","education: higher","education"
"493","imh-11-319","趙天麟","Harvard University","US","education: higher","education"
"494","imh-11-32","朱籙","Columbia University","US","education: higher","education"
"495","imh-11-32","朱籙","University of Wisconsin","US","education: higher","education"
"496","imh-11-320","趙恩賜","Columbia University","US","education: higher","education"
"497","imh-11-320","趙恩賜","University of California","US","education: higher","education"
"498","imh-11-321","趙學","Drake University","US","education: higher","education"
"499","imh-11-321","趙學","University of Oregon","US","education: higher","education"
"500","imh-11-322","趙柏","University of Indiana","US","education: higher","education"
"501","imh-11-323","趙景建","University of Pennsylvania","US","education: higher","education"
"502","imh-11-324","熊遂","Princeton University","US","education: higher","education"
"503","imh-11-324","熊遂","University of Wisconsin","US","education: higher","education"
"504","imh-11-325","熊崇志","Columbia University","US","education: higher","education"
"505","imh-11-325","熊崇志","Columbia University","US","education: higher","education"
"506","imh-11-325","熊崇志","Trinity School","US","education: secondary","education"
"507","imh-11-325","熊崇志","University of California","US","education: higher","education"
"508","imh-11-325","熊崇志","University of California","US","education: higher","education"
"509","imh-11-326","廖奉獻","Columbia University","US","education: higher","education"
"510","imh-11-326","廖奉獻","University of Wooster","US","education: higher","education"
"511","imh-11-326","廖奉獻","Wellesley College","US","education: higher","education"
"512","imh-11-327","葉可樑","Cornell University","US","education: higher","education"
"513","imh-11-327","葉可樑","Michigan College of Mines","US","education: higher","education"
"514","imh-11-328","蔡光勩","Cornell College Football Team","US","education: higher","education"
"515","imh-11-328","蔡光勩","Cornell University","US","education: higher","education"
"516","imh-11-329","蔡增基","Columbia University","US","education: higher","education"
"517","imh-11-33","朱彭壽","Union College","US","education: higher","education"
"518","imh-11-330","蔡翔","Colorado School of Mines","US","education: higher","education"
"519","imh-11-330","蔡翔","Columbia University","US","education: higher","education"
"520","imh-11-331","蔡國藻","Cornell University","US","education: higher","education"
"521","imh-11-332","蔡彬懿","Cornell University","US","education: higher","education"
"522","imh-11-333","蔡德高","Charles City College","US","education: higher","education"
"523","imh-11-334","蔡廷幹","Hartford Grammar School","US","education: secondary","education"
"524","imh-11-334","蔡廷幹","New Britain High School","US","education: secondary","education"
"525","imh-11-335","鄭桓","Massachusetts Agricultural College","US","education: higher","education"
"526","imh-11-336","鄭豪","San Francisco College of Physicians and Surgeons","US","education: higher","education"
"527","imh-11-337","鄭之蕃","Cornell University","US","education: higher","education"
"528","imh-11-338","鄭潤田","University of Illinois","US","education: higher","education"
"529","imh-11-339","鄧福培","Ohio State University","US","education: higher","education"
"530","imh-11-34","朱斯莆","Central High School","US","education: secondary","education"
"531","imh-11-34","朱斯莆","Yale University","US","education: higher","education"
"532","imh-11-340","鄧植儀","University of California","US","education: higher","education"
"533","imh-11-340","鄧植儀","University of Wisconsin","US","education: higher","education"
"534","imh-11-341","劉寰偉","Army Service School","US","education: military","education"
"535","imh-11-341","劉寰偉","Cornell University","US","education: higher","education"
"536","imh-11-342","劉玉麟","Phillips Academy","US","education: higher","education"
"537","imh-11-343","劉大鈞","University of Michigan","US","education: higher","education"
"538","imh-11-344","劉景山","University of Pennsylvania","US","education: higher","education"
"539","imh-11-345","劉瑞恒","Harvard Medical School","US","education: secondary","education"
"540","imh-11-345","劉瑞恒","Harvard Medical School","US","education: secondary","education"
"541","imh-11-345","劉瑞恒","Harvard University","US","education: higher","education"
"542","imh-11-346","劉經庶","Northwestern University","US","education: higher","education"
"543","imh-11-346","劉經庶","Northwestern University","US","education: higher","education"
"544","imh-11-346","劉經庶","University of Chicago","US","education: higher","education"
"545","imh-11-347","歐陽祺","New York University","US","education: higher","education"
"546","imh-11-347","歐陽祺","University of California","US","education: higher","education"
"547","imh-11-347","歐陽祺","University of California Faculty Club","US","education: higher","education"
"548","imh-11-348","歐陽祺(夫人)","Pacific College","US","education: higher","education"
"549","imh-11-348","歐陽祺(夫人)","University of Arizona","US","education: higher","education"
"550","imh-11-349","歐陽庚","Harvard University","US","education: higher","education"
"551","imh-11-349","歐陽庚","University of California","US","education: higher","education"
"552","imh-11-349","歐陽庚","University of Chicago","US","education: higher","education"
"553","imh-11-349","歐陽庚","University of Wisconsin","US","education: higher","education"
"554","imh-11-35","朱成章","Yale University","US","education: higher","education"
"555","imh-11-350","潘文煥","University of Michigan","US","education: higher","education"
"556","imh-11-350","潘文煥","University of Minnesota","US","education: higher","education"
"557","imh-11-351","錢方軾","Harvard University","US","education: higher","education"
"558","imh-11-352","錢檞亭","Columbia University","US","education: higher","education"
"559","imh-11-352","錢檞亭","Harvard University","US","education: higher","education"
"560","imh-11-353","錢崇澍","Harvard University","US","education: higher","education"
"561","imh-11-353","錢崇澍","University of Chicago","US","education: higher","education"
"562","imh-11-353","錢崇澍","University of Illinois","US","education: higher","education"
"563","imh-11-354","盧景泰","Columbia University","US","education: higher","education"
"564","imh-11-354","盧景泰","Rensselaer Polytechnic Institute","US","education: higher","education"
"565","imh-11-355","盧壽汶","University of Wisconsin","US","education: higher","education"
"566","imh-11-356","穆湘玥","A & M College","US","education: higher","education"
"567","imh-11-356","穆湘玥","University of Illinois","US","education: higher","education"
"568","imh-11-356","穆湘玥","University of Wisconsin","US","education: higher","education"
"569","imh-11-357","諶湛溪","Columbia University","US","education: higher","education"
"570","imh-11-358","鍾振東","Colgate University","US","education: higher","education"
"571","imh-11-358","鍾振東","Medical College of Virginia","US","education: higher","education"
"572","imh-11-359","鍾桂丹","Yale University","US","education: higher","education"
"573","imh-11-36","朱庭祺","Harvard University","US","education: higher","education"
"574","imh-11-360","鍾望榮","Columbia University","US","education: higher","education"
"575","imh-11-360","鍾望榮","Yale University","US","education: higher","education"
"576","imh-11-361","鍾世銘","Harvard University","US","education: higher","education"
"577","imh-11-362","鍾文邦","George Washington University","US","education: higher","education"
"578","imh-11-363","鄺富灼","Columbia University","US","education: higher","education"
"579","imh-11-363","鄺富灼","Columbia University","US","education: higher","education"
"580","imh-11-363","鄺富灼","Columbia University","US","education: higher","education"
"581","imh-11-363","鄺富灼","Pomona College","US","education: higher","education"
"582","imh-11-363","鄺富灼","University of California","US","education: higher","education"
"583","imh-11-364","鄺次崑","Philadelphia College of Pharmacy","US","education: higher","education"
"584","imh-11-365","鄺來蔭","New York University","US","education: higher","education"
"585","imh-11-366","鄺英傑","Columbia University","US","education: higher","education"
"586","imh-11-367","鄺煦堃","Columbia University","US","education: higher","education"
"587","imh-11-367","鄺煦堃","Columbia University","US","education: higher","education"
"588","imh-11-367","鄺煦堃","Princeton University","US","education: higher","education"
"589","imh-11-368","鄺孫謀","Massachusetts Institute of Technology","US","education: higher","education"
"590","imh-11-368","鄺孫謀","William Seminary","US","education: higher","education"
"591","imh-11-369","謝恩隆","Boston University","US","education: higher","education"
"592","imh-11-369","謝恩隆","Cornell University","US","education: higher","education"
"593","imh-11-369","謝恩隆","Cornell University","US","education: higher","education"
"594","imh-11-369","謝恩隆","Massachusetts Agricultural College","US","education: higher","education"
"595","imh-11-369","謝恩隆","Massachusetts Agricultural College","US","education: higher","education"
"596","imh-11-37","朱祖鋐","University of Pennsylvania","US","education: higher","education"
"597","imh-11-370","謝學瀛","Cornell University","US","education: higher","education"
"598","imh-11-371","謝作楷","Massachusetts Institute of Technology","US","education: higher","education"
"599","imh-11-372","濮登靑","University of California","US","education: higher","education"
"600","imh-11-373","薛永黍","Tilton Seminary","US","education: higher","education"
"601","imh-11-373","薛永黍","University of Michigan","US","education: higher","education"
"602","imh-11-373","薛永黍","Wesleyan Academy","US","education: higher","education"
"603","imh-11-374","韓安","Cornell University","US","education: higher","education"
"604","imh-11-374","韓安","University of Michigan","US","education: higher","education"
"605","imh-11-374","韓安","University of Wisconsin","US","education: higher","education"
"606","imh-11-375","韓安(夫人)","Columbia University","US","education: higher","education"
"607","imh-11-375","韓安(夫人)","Wells College","US","education: higher","education"
"608","imh-11-376","瞿寶文","Columbia University","US","education: higher","education"
"609","imh-11-376","瞿寶文","Yale University","US","education: higher","education"
"610","imh-11-377","薩福均","Purdue University","US","education: higher","education"
"611","imh-11-378","魏文彬","Amherst College","US","education: higher","education"
"612","imh-11-378","魏文彬","Columbia University","US","education: higher","education"
"613","imh-11-379","顏連慶","Knickerbocker Hall College","US","education: higher","education"
"614","imh-11-38","朱惟傑","Columbia University","US","education: higher","education"
"615","imh-11-38","朱惟傑","Lawrence Academy","US","education: higher","education"
"616","imh-11-38","朱惟傑","University of Illinois","US","education: higher","education"
"617","imh-11-380","顏德慶","Lehigh University","US","education: higher","education"
"618","imh-11-380","顏德慶","University of Virginia","US","education: higher","education"
"619","imh-11-380","顏德慶","Virginia Episcopal High School","US","education: secondary","education"
"620","imh-11-381","顏惠慶","University of Virginia","US","education: higher","education"
"621","imh-11-381","顏惠慶","Virginia Episcopal High School","US","education: secondary","education"
"622","imh-11-382","關菁麟","George Washington University","US","education: higher","education"
"623","imh-11-382","關菁麟","University of Michigan","US","education: higher","education"
"624","imh-11-383","關恩佐","Columbia University","US","education: higher","education"
"625","imh-11-383","關恩佐","Haverford College","US","education: higher","education"
"626","imh-11-384","羅泮忱","Cornell University","US","education: higher","education"
"627","imh-11-385","羅泮輝","Harvard University","US","education: higher","education"
"628","imh-11-385","羅泮輝","University of Chicago","US","education: higher","education"
"629","imh-11-386","羅運炎","Berea College","US","education: higher","education"
"630","imh-11-386","羅運炎","Syracuse University","US","education: higher","education"
"631","imh-11-386","羅運炎","University of Michigan","US","education: higher","education"
"632","imh-11-387","羅惠僑","Massachusetts Institute of Technology","US","education: higher","education"
"633","imh-11-388","譚其蓁","University of Michigan","US","education: higher","education"
"634","imh-11-389","譚翊","Central Wesleyan College","US","education: higher","education"
"635","imh-11-389","譚翊","Folt Mission Institute","US","education: higher","education"
"636","imh-11-389","譚翊","Minneapolis Kindergarten Training School","US","education: vocational","education"
"637","imh-11-389","譚翊","Rulison High School","US","education: secondary","education"
"638","imh-11-39","朱神惠","Harvard University","US","education: higher","education"
"639","imh-11-39","朱神惠","University of California","US","education: higher","education"
"640","imh-11-39","朱神惠","University of California","US","education: higher","education"
"641","imh-11-390","譚福","Central Wesleyan College","US","education: higher","education"
"642","imh-11-390","譚福","Central Wesleyan College","US","education: higher","education"
"643","imh-11-390","譚福","Harvard University","US","education: higher","education"
"644","imh-11-390","譚福","Syracuse University","US","education: higher","education"
"645","imh-11-391","譚錫鴻","Kansas State Agricultural College","US","education: higher","education"
"646","imh-11-391","譚錫鴻","Occidental College","US","education: higher","education"
"647","imh-11-391","譚錫鴻","Pennsylvania State College","US","education: higher","education"
"648","imh-11-392","譚懷","Cornell University","US","education: higher","education"
"649","imh-11-392","譚懷","New York University","US","education: higher","education"
"650","imh-11-393","嚴家騶","Harvard University","US","education: higher","education"
"651","imh-11-393","嚴家騶","University of Illinois","US","education: higher","education"
"652","imh-11-393","嚴家騶","University of Illinois","US","education: higher","education"
"653","imh-11-393","嚴家騶","Wesleyan Academy","US","education: higher","education"
"654","imh-11-394","嚴觀韶","Ohio State University","US","education: higher","education"
"655","imh-11-394","嚴觀韶","State University of Iowa","US","education: higher","education"
"656","imh-11-394","嚴觀韶","University of Chicago","US","education: higher","education"
"657","imh-11-395","嚴鶴齡","Columbia University","US","education: higher","education"
"658","imh-11-396","顧光賓","Union College","US","education: higher","education"
"659","imh-11-397","顧維鈞","Columbia University","US","education: higher","education"
"660","imh-11-397","顧維鈞","Cook Academy","US","education: higher","education"
"661","imh-11-397","顧維鈞","Johns Hopkins University","US","education: higher","education"
"662","imh-11-398","顧惟精","Harvard University","US","education: higher","education"
"663","imh-11-398","顧惟精","Harvard University","US","education: higher","education"
"664","imh-11-398","顧惟精","Massachusetts Institute of Technology","US","education: higher","education"
"665","imh-11-398","顧惟精","University of Illinois","US","education: higher","education"
"666","imh-11-398","顧惟精","University of Illinois","US","education: higher","education"
"667","imh-11-399","顧宗林","University of Illinois","US","education: higher","education"
"668","imh-11-399","顧宗林","University of Pennsylvania","US","education: higher","education"
"669","imh-11-4","方伯樑","Easthampton High School","US","education: secondary","education"
"670","imh-11-4","方伯樑","Massachusetts Institute of Technology","US","education: higher","education"
"671","imh-11-4","方伯樑","Wilbraham High School","US","education: secondary","education"
"672","imh-11-40","朱神恩","Harvard University","US","education: higher","education"
"673","imh-11-40","朱神恩","University of California","US","education: higher","education"
"674","imh-11-400","顧延同","Purdue University","US","education: higher","education"
"675","imh-11-41","朱文鑫","University of Wisconsin","US","education: higher","education"
"676","imh-11-42","朱友漁","Columbia University","US","education: higher","education"
"677","imh-11-42","朱友漁","Columbia University","US","education: higher","education"
"678","imh-11-42","朱友漁","Columbia University","US","education: higher","education"
"679","imh-11-42","朱友漁","General Theological Seminary","US","education: higher","education"
"680","imh-11-42","朱友漁","General Theological Seminary","US","education: higher","education"
"681","imh-11-42","朱友漁","New York University","US","education: higher","education"
"682","imh-11-43","全紹淸","Harvard University","US","education: higher","education"
"683","imh-11-43","全紹淸","Johns Hopkins University","US","education: higher","education"
"684","imh-11-44","汝人鶴","Harvard University","US","education: higher","education"
"685","imh-11-45","江潮","Lehigh University","US","education: higher","education"
"686","imh-11-46","伍朝樞","Atlantic City High School","US","education: secondary","education"
"687","imh-11-46","伍朝樞","Force School","US","education: military","education"
"688","imh-11-46","伍朝樞","Western High School","US","education: secondary","education"
"689","imh-11-47","伍鏡湖","Mt. Herman School","US","education: secondary","education"
"690","imh-11-47","伍鏡湖","Rensselaer Polytechnic Institute","US","education: higher","education"
"691","imh-11-47","伍鏡湖","Salem Public School","US","education: secondary","education"
"692","imh-11-48","任傳榜","University of Illinois","US","education: higher","education"
"693","imh-11-49","何杰","Colorado School of Mines","US","education: higher","education"
"694","imh-11-49","何杰","Lehigh University","US","education: higher","education"
"695","imh-11-5","王仁輔","Harvard University","US","education: higher","education"
"696","imh-11-50","何錦棠","University of Wisconsin","US","education: higher","education"
"697","imh-11-50","何錦棠","University of Wisconsin","US","education: higher","education"
"698","imh-11-51","何林一","Dartmouth College","US","education: higher","education"
"699","imh-11-51","何林一","University of Pennsylvania","US","education: higher","education"
"700","imh-11-51","何林一","University of Wisconsin","US","education: higher","education"
"701","imh-11-52","何炳松","Princeton University","US","education: higher","education"
"702","imh-11-52","何炳松","University of California","US","education: higher","education"
"703","imh-11-52","何炳松","University of Wisconsin","US","education: higher","education"
"704","imh-11-52","何炳松","University of Wisconsin","US","education: higher","education"
"705","imh-11-53","何焱森","Northwestern University","US","education: higher","education"
"706","imh-11-53","何焱森","University of Oregon","US","education: higher","education"
"707","imh-11-54","邢契莘","Massachusetts Institute of Technology","US","education: higher","education"
"708","imh-11-55","辛耀庠","Massachusetts Institute of Technology","US","education: higher","education"
"709","imh-11-55","辛耀庠","University of Pennsylvania","US","education: higher","education"
"710","imh-11-55","辛耀庠","Yale University","US","education: higher","education"
"711","imh-11-55","辛耀庠","Yale University","US","education: higher","education"
"712","imh-11-56","李燦基","Massachusetts Institute of Technology","US","education: higher","education"
"713","imh-11-56","李燦基","University of Pennsylvania","US","education: higher","education"
"714","imh-11-56","李燦基","Worcester Polytechnic Institute","US","education: higher","education"
"715","imh-11-57","李錫欽","Drexel Institute","US","education: higher","education"
"716","imh-11-57","李錫欽","Pennsylvania State Normal School","US","education: normal","education"
"717","imh-11-58","李炳寅","Valparaiso University","US","education: higher","education"
"718","imh-11-59","李植楡","University of Chicago","US","education: higher","education"
"719","imh-11-6","王正黼","Columbia University","US","education: higher","education"
"720","imh-11-6","王正黼","Columbia University","US","education: higher","education"
"721","imh-11-60","李照松","New York University","US","education: higher","education"
"722","imh-11-60","李照松","Youkers High School","US","education: secondary","education"
"723","imh-11-61","李奉藻","Louisville Preparatory School","US","education: preparatory","education"
"724","imh-11-61","李奉藻","University of Tennessee","US","education: higher","education"
"725","imh-11-62","李松濤","Columbia University","US","education: higher","education"
"726","imh-11-62","李松濤","University of Wisconsin","US","education: higher","education"
"727","imh-11-63","李德晋","Cornell University","US","education: higher","education"
"728","imh-11-64","李豋輝","Ohio Wesleyan University","US","education: higher","education"
"729","imh-11-64","李豋輝","Yale University","US","education: higher","education"
"730","imh-11-64","李豋輝","Yale University","US","education: higher","education"
"731","imh-11-65","李翼純","Cornell University","US","education: higher","education"
"732","imh-11-65","李翼純","Simpson Academy","US","education: higher","education"
"733","imh-11-66","李應南","University of Chicago","US","education: higher","education"
"734","imh-11-66","李應南","University of Illinois","US","education: higher","education"
"735","imh-11-67","李植藩","University of Chicago","US","education: higher","education"
"736","imh-11-67","李植藩","University of Chicago","US","education: higher","education"
"737","imh-11-68","李斐英","Rochester East High School","US","education: secondary","education"
"738","imh-11-68","李斐英","Rochester University","US","education: higher","education"
"739","imh-11-68","李斐英","Syracuse University","US","education: higher","education"
"740","imh-11-69","李謙若","Cornell University","US","education: higher","education"
"741","imh-11-7","王正廷","University of Michigan","US","education: higher","education"
"742","imh-11-7","王正廷","Yale University","US","education: higher","education"
"743","imh-11-70","李鳴龢","Phillips Academy","US","education: higher","education"
"744","imh-11-70","李鳴龢","University of Wisconsin","US","education: higher","education"
"745","imh-11-71","李瑞霖","Cornell University","US","education: higher","education"
"746","imh-11-71","李瑞霖","De Pauw University","US","education: higher","education"
"747","imh-11-71","李瑞霖","Indiana University","US","education: higher","education"
"748","imh-11-72","李錫之","Massachusetts Institute of Technology","US","education: higher","education"
"749","imh-11-73","李松泉","Harvard University","US","education: higher","education"
"750","imh-11-74","李淸茂","University of Pennsylvania","US","education: higher","education"
"751","imh-11-75","沈祖榮","Columbia University","US","education: higher","education"
"752","imh-11-75","沈祖榮","Columbia University","US","education: higher","education"
"753","imh-11-75","沈祖榮","Columbia University","US","education: higher","education"
"754","imh-11-75","沈祖榮","New York Library School","US","education: higher","education"
"755","imh-11-75","沈祖榮","New York Library School","US","education: higher","education"
"756","imh-11-76","沈寳善","George Washington University","US","education: higher","education"
"757","imh-11-77","沈溯明","Cornell University","US","education: higher","education"
"758","imh-11-78","沈祖偉","University of Michigan","US","education: higher","education"
"759","imh-11-79","沈燕謀","University of Wisconsin","US","education: higher","education"
"760","imh-11-79","沈燕謀","University of Wisconsin","US","education: higher","education"
"761","imh-11-8","王建祖","University of California","US","education: higher","education"
"762","imh-11-80","宋發祥","Ohio Wesleyan University","US","education: higher","education"
"763","imh-11-80","宋發祥","Ohio Wesleyan University","US","education: higher","education"
"764","imh-11-80","宋發祥","Ohio Wesleyan University","US","education: higher","education"
"765","imh-11-80","宋發祥","University of Chicago","US","education: higher","education"
"766","imh-11-80","宋發祥","University of Chicago","US","education: higher","education"
"767","imh-11-81","吳祖耀","University of Wisconsin","US","education: higher","education"
"768","imh-11-82","吳乃琛","University of California","US","education: higher","education"
"769","imh-11-82","吳乃琛","University of Wisconsin","US","education: higher","education"
"770","imh-11-82","吳乃琛","University of Wisconsin","US","education: higher","education"
"771","imh-11-83","父鍾綬","Lawrence Academy","US","education: higher","education"
"772","imh-11-83","父鍾綬","Union College","US","education: higher","education"
"773","imh-11-83","父鍾綬","University of Illinois","US","education: higher","education"
"774","imh-11-84","吳紀舜","Fort Worth University","US","education: higher","education"
"775","imh-11-85","吳家高","Columbia University","US","education: higher","education"
"776","imh-11-85","吳家高","University of California","US","education: higher","education"
"777","imh-11-85","吳家高","University of Illinois","US","education: higher","education"
"778","imh-11-85","吳家高","University of Illinois","US","education: higher","education"
"779","imh-11-86","吳致覺","Harvard University","US","education: higher","education"
"780","imh-11-87","余日章","Harvard University","US","education: higher","education"
"781","imh-11-88","邵長光","Stanford University","US","education: higher","education"
"782","imh-11-88","邵長光","University of California","US","education: higher","education"
"783","imh-11-89","金泰","Harvard University","US","education: higher","education"
"784","imh-11-9","王景春","Ohio Wesleyan University","US","education: higher","education"
"785","imh-11-9","王景春","University of Illinois","US","education: higher","education"
"786","imh-11-9","王景春","University of Illinois","US","education: higher","education"
"787","imh-11-9","王景春","University of Illinois","US","education: higher","education"
"788","imh-11-9","王景春","Yale University","US","education: higher","education"
"789","imh-11-90","金猷澍","University of Wisconsin","US","education: higher","education"
"790","imh-11-90","金猷澍","Worcester Polytechnic Institute","US","education: higher","education"
"791","imh-11-91","金邦正","Cornell University","US","education: higher","education"
"792","imh-11-91","金邦正","Williston Seminary","US","education: higher","education"
"793","imh-11-92","周森友","Harvard University","US","education: higher","education"
"794","imh-11-92","周森友","Harvard University","US","education: higher","education"
"795","imh-11-92","周森友","Western Reserve University","US","education: higher","education"
"796","imh-11-93","周楚聲","Columbia University","US","education: higher","education"
"797","imh-11-93","周楚聲","Harvard University","US","education: higher","education"
"798","imh-11-93","周楚聲","Massachusetts Institute of Technology","US","education: higher","education"
"799","imh-11-94","周厚坤","Massachusetts Institute of Technology","US","education: higher","education"
"800","imh-11-94","周厚坤","Massachusetts Institute of Technology","US","education: higher","education"
"801","imh-11-94","周厚坤","University of Illinois","US","education: higher","education"
"802","imh-11-95","周仁","Cornell University","US","education: higher","education"
"803","imh-11-95","周仁","Cornell University","US","education: higher","education"
"804","imh-11-96","周開基","Columbia University","US","education: higher","education"
"805","imh-11-96","周開基","University of California","US","education: higher","education"
"806","imh-11-97","周逵","Butler College","US","education: higher","education"
"807","imh-11-97","周逵","University of Louisville","US","education: higher","education"
"808","imh-11-98","周國賢","University of Chicago","US","education: higher","education"
"809","imh-11-99","周連錫","New Bedford Textile College","US","education: higher","education"
"810","imh-11-99","周連錫","Valparaiso University","US","education: higher","education"
